1,文章title1,www.baidu.com,yitian,2021/7/17,1,springboot
2,文章title2,www.baidu.com,yitian,2021/7/17,1,springboot
3,文章title3,www.baidu.com,yitian,2021/7/17,1,springboot
4,文章title4,www.baidu.com,yitian,2021/7/17,1,springboot
5,文章title5,www.baidu.com,yitian,2021/7/17,1,springboot
6,文章title6,www.baidu.com,yitian,2021/7/17,1,springboot
7,文章title7,www.baidu.com,yitian,2021/7/17,1,springboot
8,文章title8,www.baidu.com,yitian,2021/7/17,1,springboot
9,文章title9,www.baidu.com,yitian,2021/7/17,1,springboot
10,文章title10,www.baidu.com,yitian,2021/7/17,1,springboot
11,文章title11,www.baidu.com,yitian,2021/7/17,1,springboot
12,文章title12,www.baidu.com,yitian,2021/7/17,1,springboot
13,文章title13,www.baidu.com,yitian,2021/7/17,1,springboot
14,文章title14,www.baidu.com,yitian,2021/7/17,1,springboot
15,文章title15,www.baidu.com,yitian,2021/7/17,1,springboot
16,文章title16,www.baidu.com,yitian,2021/7/17,1,springboot
17,文章title17,www.baidu.com,yitian,2021/7/17,1,springboot
18,文章title18,www.baidu.com,yitian,2021/7/17,1,springboot
19,文章title19,www.baidu.com,yitian,2021/7/17,1,springboot
20,文章title20,www.baidu.com,yitian,2021/7/17,1,springboot
21,文章title21,www.baidu.com,yitian,2021/7/17,1,springboot
22,文章title22,www.baidu.com,yitian,2021/7/17,1,springboot
23,文章title23,www.baidu.com,yitian,2021/7/17,1,springboot
24,文章title24,www.baidu.com,yitian,2021/7/17,1,springboot
25,文章title25,www.baidu.com,yitian,2021/7/17,1,springboot
26,文章title26,www.baidu.com,yitian,2021/7/17,1,springboot
27,文章title27,www.baidu.com,yitian,2021/7/17,1,springboot
28,文章title28,www.baidu.com,yitian,2021/7/17,1,springboot
29,文章title29,www.baidu.com,yitian,2021/7/17,1,springboot
30,文章title30,www.baidu.com,yitian,2021/7/17,1,springboot
31,文章title31,www.baidu.com,yitian,2021/7/17,1,springboot
32,文章title32,www.baidu.com,yitian,2021/7/17,1,springboot
33,文章title33,www.baidu.com,yitian,2021/7/17,1,springboot
34,文章title34,www.baidu.com,yitian,2021/7/17,1,springboot
35,文章title35,www.baidu.com,yitian,2021/7/17,1,springboot
36,文章title36,www.baidu.com,yitian,2021/7/17,1,springboot
37,文章title37,www.baidu.com,yitian,2021/7/17,1,springboot
38,文章title38,www.baidu.com,yitian,2021/7/17,1,springboot
39,文章title39,www.baidu.com,yitian,2021/7/17,1,springboot
40,文章title40,www.baidu.com,yitian,2021/7/17,1,springboot
41,文章title41,www.baidu.com,yitian,2021/7/17,1,springboot
42,文章title42,www.baidu.com,yitian,2021/7/17,1,springboot
43,文章title43,www.baidu.com,yitian,2021/7/17,1,springboot
44,文章title44,www.baidu.com,yitian,2021/7/17,1,springboot
45,文章title45,www.baidu.com,yitian,2021/7/17,1,springboot
46,文章title46,www.baidu.com,yitian,2021/7/17,1,springboot
47,文章title47,www.baidu.com,yitian,2021/7/17,1,springboot
48,文章title48,www.baidu.com,yitian,2021/7/17,1,springboot
49,文章title49,www.baidu.com,yitian,2021/7/17,1,springboot
50,文章title50,www.baidu.com,yitian,2021/7/17,1,springboot
51,文章title51,www.baidu.com,yitian,2021/7/17,1,java
52,文章title52,www.baidu.com,yitian,2021/7/17,1,java